<?xml version="1.0" encoding="UTF-8"?>
<!DOCTYPE struts-config PUBLIC "-//Apache Software Foundation//DTD Struts Configuration 1.2//EN" "http://struts.apache.org/dtds/struts-config_1_2.dtd">
<struts-config>
  <data-sources>
  </data-sources>
  <form-beans>
  <form-bean name="DigitouActionForm2" type="org.apache.struts.action.DynaActionForm">
  <form-property name="texto" type="java.lang.String"></form-property>
  </form-bean>
  </form-beans>
  <global-exceptions>
  </global-exceptions>
  <global-forwards>
  </global-forwards>
  <action-mappings>
  <action name="DigitouActionForm2" path="/DigitouAction" type="actions.DigitouAction">
  <forward name="sucesso" path="/sucesso.jsp"></forward>
  <forward name="erro" path="/erro.jsp"></forward>
  </action>
  </action-mappings>
</struts-config>
