<web-fragment xmlns="http://java.sun.com/xml/ns/j2ee"
         xmlns:xsi="http://www.w3.org/2001/XMLSchema-instance"
         xsi:schemaLocation="http://java.sun.com/xml/ns/j2ee http://java.sun.com/xml/ns/javaee/web-app_3_0.xsd"
         version="3.0">
    <name>Fragment 2</name>
	
	<servlet>
		<servlet-name>MyJar1Servlet</servlet-name>
		<servlet-class>com.nullhaus.MyJar1Servlet</servlet-class>
		<init-param>
			<param-name>var1</param-name>
			<param-value>Partners!</param-value>
		</init-param>
	</servlet>
</web-fragment>
