<?xml version="1.0" encoding="UTF-8"?>
<project xmlns="http://www.netbeans.org/ns/project/1">
    <type>org.netbeans.modules.apisupport.project</type>
    <configuration>
        <data xmlns="http://www.netbeans.org/ns/nb-module-project/3">
            <code-name-base>khannedy.crud.persistence.library</code-name-base>
            <suite-component/>
            <module-dependencies/>
            <public-packages>
                <package>antlr</package>
                <package>antlr.ASdebug</package>
                <package>antlr.actions.cpp</package>
                <package>antlr.actions.csharp</package>
                <package>antlr.actions.java</package>
                <package>antlr.actions.python</package>
                <package>antlr.build</package>
                <package>antlr.collections</package>
                <package>antlr.collections.impl</package>
                <package>antlr.debug</package>
                <package>antlr.debug.misc</package>
                <package>antlr.preprocessor</package>
                <package>com.mysql.jdbc</package>
                <package>com.mysql.jdbc.exceptions</package>
                <package>com.mysql.jdbc.exceptions.jdbc4</package>
                <package>com.mysql.jdbc.integration.c3p0</package>
                <package>com.mysql.jdbc.integration.jboss</package>
                <package>com.mysql.jdbc.interceptors</package>
                <package>com.mysql.jdbc.jdbc2.optional</package>
                <package>com.mysql.jdbc.log</package>
                <package>com.mysql.jdbc.profiler</package>
                <package>com.mysql.jdbc.util</package>
                <package>javassist</package>
                <package>javassist.bytecode</package>
                <package>javassist.bytecode.analysis</package>
                <package>javassist.bytecode.annotation</package>
                <package>javassist.bytecode.stackmap</package>
                <package>javassist.compiler</package>
                <package>javassist.compiler.ast</package>
                <package>javassist.convert</package>
                <package>javassist.expr</package>
                <package>javassist.runtime</package>
                <package>javassist.scopedpool</package>
                <package>javassist.tools</package>
                <package>javassist.tools.reflect</package>
                <package>javassist.tools.rmi</package>
                <package>javassist.tools.web</package>
                <package>javassist.util</package>
                <package>javassist.util.proxy</package>
                <package>javax.persistence</package>
                <package>javax.persistence.criteria</package>
                <package>javax.persistence.metamodel</package>
                <package>javax.persistence.spi</package>
                <package>javax.transaction</package>
                <package>javax.transaction.xa</package>
                <package>org.apache.commons.collections</package>
                <package>org.apache.commons.collections.bag</package>
                <package>org.apache.commons.collections.bidimap</package>
                <package>org.apache.commons.collections.buffer</package>
                <package>org.apache.commons.collections.collection</package>
                <package>org.apache.commons.collections.comparators</package>
                <package>org.apache.commons.collections.functors</package>
                <package>org.apache.commons.collections.iterators</package>
                <package>org.apache.commons.collections.keyvalue</package>
                <package>org.apache.commons.collections.list</package>
                <package>org.apache.commons.collections.map</package>
                <package>org.apache.commons.collections.set</package>
                <package>org.dom4j</package>
                <package>org.dom4j.bean</package>
                <package>org.dom4j.datatype</package>
                <package>org.dom4j.dom</package>
                <package>org.dom4j.dtd</package>
                <package>org.dom4j.io</package>
                <package>org.dom4j.jaxb</package>
                <package>org.dom4j.rule</package>
                <package>org.dom4j.rule.pattern</package>
                <package>org.dom4j.swing</package>
                <package>org.dom4j.tree</package>
                <package>org.dom4j.util</package>
                <package>org.dom4j.xpath</package>
                <package>org.dom4j.xpp</package>
                <package>org.gjt.mm.mysql</package>
                <package>org.hibernate</package>
                <package>org.hibernate.action</package>
                <package>org.hibernate.annotations</package>
                <package>org.hibernate.annotations.common</package>
                <package>org.hibernate.annotations.common.annotationfactory</package>
                <package>org.hibernate.annotations.common.reflection</package>
                <package>org.hibernate.annotations.common.reflection.java</package>
                <package>org.hibernate.annotations.common.reflection.java.generics</package>
                <package>org.hibernate.annotations.common.util</package>
                <package>org.hibernate.bytecode</package>
                <package>org.hibernate.bytecode.buildtime</package>
                <package>org.hibernate.bytecode.cglib</package>
                <package>org.hibernate.bytecode.javassist</package>
                <package>org.hibernate.bytecode.util</package>
                <package>org.hibernate.cache</package>
                <package>org.hibernate.cache.access</package>
                <package>org.hibernate.cache.entry</package>
                <package>org.hibernate.cache.impl</package>
                <package>org.hibernate.cache.impl.bridge</package>
                <package>org.hibernate.cache.infinispan</package>
                <package>org.hibernate.cache.infinispan.access</package>
                <package>org.hibernate.cache.infinispan.collection</package>
                <package>org.hibernate.cache.infinispan.entity</package>
                <package>org.hibernate.cache.infinispan.impl</package>
                <package>org.hibernate.cache.infinispan.query</package>
                <package>org.hibernate.cache.infinispan.timestamp</package>
                <package>org.hibernate.cache.infinispan.tm</package>
                <package>org.hibernate.cache.infinispan.util</package>
                <package>org.hibernate.cache.jbc</package>
                <package>org.hibernate.cache.jbc.access</package>
                <package>org.hibernate.cache.jbc.builder</package>
                <package>org.hibernate.cache.jbc.collection</package>
                <package>org.hibernate.cache.jbc.entity</package>
                <package>org.hibernate.cache.jbc.query</package>
                <package>org.hibernate.cache.jbc.timestamp</package>
                <package>org.hibernate.cache.jbc.util</package>
                <package>org.hibernate.cache.jbc2</package>
                <package>org.hibernate.cfg</package>
                <package>org.hibernate.cfg.annotations</package>
                <package>org.hibernate.cfg.annotations.reflection</package>
                <package>org.hibernate.cfg.beanvalidation</package>
                <package>org.hibernate.cfg.search</package>
                <package>org.hibernate.classic</package>
                <package>org.hibernate.collection</package>
                <package>org.hibernate.connection</package>
                <package>org.hibernate.context</package>
                <package>org.hibernate.criterion</package>
                <package>org.hibernate.dialect</package>
                <package>org.hibernate.dialect.function</package>
                <package>org.hibernate.dialect.lock</package>
                <package>org.hibernate.dialect.resolver</package>
                <package>org.hibernate.ejb</package>
                <package>org.hibernate.ejb.connection</package>
                <package>org.hibernate.ejb.criteria</package>
                <package>org.hibernate.ejb.criteria.expression</package>
                <package>org.hibernate.ejb.criteria.expression.function</package>
                <package>org.hibernate.ejb.criteria.path</package>
                <package>org.hibernate.ejb.criteria.predicate</package>
                <package>org.hibernate.ejb.event</package>
                <package>org.hibernate.ejb.instrument</package>
                <package>org.hibernate.ejb.metamodel</package>
                <package>org.hibernate.ejb.packaging</package>
                <package>org.hibernate.ejb.transaction</package>
                <package>org.hibernate.ejb.util</package>
                <package>org.hibernate.engine</package>
                <package>org.hibernate.engine.jdbc</package>
                <package>org.hibernate.engine.loading</package>
                <package>org.hibernate.engine.profile</package>
                <package>org.hibernate.engine.query</package>
                <package>org.hibernate.engine.query.sql</package>
                <package>org.hibernate.engine.transaction</package>
                <package>org.hibernate.envers</package>
                <package>org.hibernate.envers.ant</package>
                <package>org.hibernate.envers.configuration</package>
                <package>org.hibernate.envers.configuration.metadata</package>
                <package>org.hibernate.envers.configuration.metadata.reader</package>
                <package>org.hibernate.envers.entities</package>
                <package>org.hibernate.envers.entities.mapper</package>
                <package>org.hibernate.envers.entities.mapper.id</package>
                <package>org.hibernate.envers.entities.mapper.relation</package>
                <package>org.hibernate.envers.entities.mapper.relation.component</package>
                <package>org.hibernate.envers.entities.mapper.relation.lazy</package>
                <package>org.hibernate.envers.entities.mapper.relation.lazy.initializor</package>
                <package>org.hibernate.envers.entities.mapper.relation.lazy.proxy</package>
                <package>org.hibernate.envers.entities.mapper.relation.query</package>
                <package>org.hibernate.envers.event</package>
                <package>org.hibernate.envers.exception</package>
                <package>org.hibernate.envers.query</package>
                <package>org.hibernate.envers.query.criteria</package>
                <package>org.hibernate.envers.query.impl</package>
                <package>org.hibernate.envers.query.order</package>
                <package>org.hibernate.envers.query.projection</package>
                <package>org.hibernate.envers.query.property</package>
                <package>org.hibernate.envers.reader</package>
                <package>org.hibernate.envers.revisioninfo</package>
                <package>org.hibernate.envers.synchronization</package>
                <package>org.hibernate.envers.synchronization.work</package>
                <package>org.hibernate.envers.tools</package>
                <package>org.hibernate.envers.tools.graph</package>
                <package>org.hibernate.envers.tools.query</package>
                <package>org.hibernate.envers.tools.reflection</package>
                <package>org.hibernate.event</package>
                <package>org.hibernate.event.def</package>
                <package>org.hibernate.exception</package>
                <package>org.hibernate.hql</package>
                <package>org.hibernate.hql.antlr</package>
                <package>org.hibernate.hql.ast</package>
                <package>org.hibernate.hql.ast.exec</package>
                <package>org.hibernate.hql.ast.tree</package>
                <package>org.hibernate.hql.ast.util</package>
                <package>org.hibernate.hql.classic</package>
                <package>org.hibernate.id</package>
                <package>org.hibernate.id.enhanced</package>
                <package>org.hibernate.id.factory</package>
                <package>org.hibernate.id.insert</package>
                <package>org.hibernate.impl</package>
                <package>org.hibernate.intercept</package>
                <package>org.hibernate.intercept.cglib</package>
                <package>org.hibernate.intercept.javassist</package>
                <package>org.hibernate.jdbc</package>
                <package>org.hibernate.jdbc.util</package>
                <package>org.hibernate.jmx</package>
                <package>org.hibernate.junit</package>
                <package>org.hibernate.junit.functional</package>
                <package>org.hibernate.loader</package>
                <package>org.hibernate.loader.collection</package>
                <package>org.hibernate.loader.criteria</package>
                <package>org.hibernate.loader.custom</package>
                <package>org.hibernate.loader.custom.sql</package>
                <package>org.hibernate.loader.entity</package>
                <package>org.hibernate.loader.hql</package>
                <package>org.hibernate.lob</package>
                <package>org.hibernate.mapping</package>
                <package>org.hibernate.metadata</package>
                <package>org.hibernate.param</package>
                <package>org.hibernate.persister</package>
                <package>org.hibernate.persister.collection</package>
                <package>org.hibernate.persister.entity</package>
                <package>org.hibernate.pretty</package>
                <package>org.hibernate.property</package>
                <package>org.hibernate.proxy</package>
                <package>org.hibernate.proxy.dom4j</package>
                <package>org.hibernate.proxy.map</package>
                <package>org.hibernate.proxy.pojo</package>
                <package>org.hibernate.proxy.pojo.cglib</package>
                <package>org.hibernate.proxy.pojo.javassist</package>
                <package>org.hibernate.secure</package>
                <package>org.hibernate.sql</package>
                <package>org.hibernate.sql.ordering.antlr</package>
                <package>org.hibernate.stat</package>
                <package>org.hibernate.test.annotations</package>
                <package>org.hibernate.test.cache</package>
                <package>org.hibernate.test.tm</package>
                <package>org.hibernate.tool.ant</package>
                <package>org.hibernate.tool.hbm2ddl</package>
                <package>org.hibernate.tool.instrument</package>
                <package>org.hibernate.tool.instrument.cglib</package>
                <package>org.hibernate.tool.instrument.javassist</package>
                <package>org.hibernate.transaction</package>
                <package>org.hibernate.transform</package>
                <package>org.hibernate.tuple</package>
                <package>org.hibernate.tuple.component</package>
                <package>org.hibernate.tuple.entity</package>
                <package>org.hibernate.type</package>
                <package>org.hibernate.usertype</package>
                <package>org.hibernate.util</package>
                <package>org.slf4j</package>
                <package>org.slf4j.helpers</package>
                <package>org.slf4j.impl</package>
                <package>org.slf4j.spi</package>
            </public-packages>
            <class-path-extension>
                <runtime-relative-path>ext/javassist-3.9.0.GA.jar</runtime-relative-path>
                <binary-origin>release/modules/ext/javassist-3.9.0.GA.jar</binary-origin>
            </class-path-extension>
            <class-path-extension>
                <runtime-relative-path>ext/dom4j-1.6.1.jar</runtime-relative-path>
                <binary-origin>release/modules/ext/dom4j-1.6.1.jar</binary-origin>
            </class-path-extension>
            <class-path-extension>
                <runtime-relative-path>ext/commons-collections-3.1.jar</runtime-relative-path>
                <binary-origin>release/modules/ext/commons-collections-3.1.jar</binary-origin>
            </class-path-extension>
            <class-path-extension>
                <runtime-relative-path>ext/slf4j-jdk14-1.5.11.jar</runtime-relative-path>
                <binary-origin>release/modules/ext/slf4j-jdk14-1.5.11.jar</binary-origin>
            </class-path-extension>
            <class-path-extension>
                <runtime-relative-path>ext/jta-1.1.jar</runtime-relative-path>
                <binary-origin>release/modules/ext/jta-1.1.jar</binary-origin>
            </class-path-extension>
            <class-path-extension>
                <runtime-relative-path>ext/hibernate3.jar</runtime-relative-path>
                <binary-origin>release/modules/ext/hibernate3.jar</binary-origin>
            </class-path-extension>
            <class-path-extension>
                <runtime-relative-path>ext/mysql-connector-java-5.1.10-bin.jar</runtime-relative-path>
                <binary-origin>release/modules/ext/mysql-connector-java-5.1.10-bin.jar</binary-origin>
            </class-path-extension>
            <class-path-extension>
                <runtime-relative-path>ext/slf4j-api-1.5.11.jar</runtime-relative-path>
                <binary-origin>release/modules/ext/slf4j-api-1.5.11.jar</binary-origin>
            </class-path-extension>
            <class-path-extension>
                <runtime-relative-path>ext/hibernate-jpa-2.0-api-1.0.0.Final.jar</runtime-relative-path>
                <binary-origin>release/modules/ext/hibernate-jpa-2.0-api-1.0.0.Final.jar</binary-origin>
            </class-path-extension>
            <class-path-extension>
                <runtime-relative-path>ext/antlr-2.7.6.jar</runtime-relative-path>
                <binary-origin>release/modules/ext/antlr-2.7.6.jar</binary-origin>
            </class-path-extension>
        </data>
    </configuration>
</project>
