<?xml version="1.0" encoding="UTF-8"?>
<!DOCTYPE filesystem PUBLIC "-//NetBeans//DTD Filesystem 1.2//EN" "http://www.netbeans.org/dtds/filesystem-1_2.dtd">
<filesystem>
    <folder name="Actions">
        <folder name="Window">
            <file name="khannedy-crud-persistence-widget-group-GroupAction.instance">
                <attr name="component" methodvalue="khannedy.crud.persistence.widget.group.GroupTopComponent.findInstance"/>
                <attr name="displayName" bundlevalue="khannedy.crud.persistence.widget.group.Bundle#CTL_GroupAction"/>
                <attr name="iconBase" stringvalue="khannedy/crud/persistence/widget/group/User Group.png"/>
                <attr name="instanceCreate" methodvalue="org.openide.windows.TopComponent.openAction"/>
            </file>
            <file name="khannedy-crud-persistence-widget-user-UserAction.instance">
                <attr name="component" methodvalue="khannedy.crud.persistence.widget.user.UserTopComponent.findInstance"/>
                <attr name="displayName" bundlevalue="khannedy.crud.persistence.widget.user.Bundle#CTL_UserAction"/>
                <attr name="iconBase" stringvalue="khannedy/crud/persistence/widget/user/Administrator.png"/>
                <attr name="instanceCreate" methodvalue="org.openide.windows.TopComponent.openAction"/>
            </file>
            <file name="khannedy-crud-persistence-widget-welcome-WelcomeAction.instance">
                <attr name="component" methodvalue="khannedy.crud.persistence.widget.welcome.WelcomeTopComponent.findInstance"/>
                <attr name="displayName" bundlevalue="khannedy.crud.persistence.widget.welcome.Bundle#CTL_WelcomeAction"/>
                <attr name="iconBase" stringvalue="khannedy/crud/persistence/widget/welcome/World.png"/>
                <attr name="instanceCreate" methodvalue="org.openide.windows.TopComponent.openAction"/>
            </file>
        </folder>
    </folder>
    <folder name="Menu">
        <folder name="Master">
            <attr name="displayName" bundlevalue="khannedy.crud.persistence.widget.Bundle#CTL_Master"/>
            <file name="GroupAction.shadow">
                <attr name="originalFile" stringvalue="Actions/Window/khannedy-crud-persistence-widget-group-GroupAction.instance"/>
            </file>
            <file name="UserAction.shadow">
                <attr name="originalFile" stringvalue="Actions/Window/khannedy-crud-persistence-widget-user-UserAction.instance"/>
            </file>
        </folder>
        <folder name="Window">
            <file name="WelcomeAction.shadow">
                <attr name="originalFile" stringvalue="Actions/Window/khannedy-crud-persistence-widget-welcome-WelcomeAction.instance"/>
            </file>
        </folder>
    </folder>
    <folder name="Shortcuts">
        <file name="CSA-U.shadow">
            <attr name="originalFile" stringvalue="Actions/Window/khannedy-crud-persistence-widget-user-UserAction.instance"/>
        </file>
        <file name="CSA-G.shadow">
            <attr name="originalFile" stringvalue="Actions/Window/khannedy-crud-persistence-widget-group-GroupAction.instance"/>
        </file>
        <file name="A-HOME.shadow">
            <attr name="originalFile" stringvalue="Actions/Window/khannedy-crud-persistence-widget-welcome-WelcomeAction.instance"/>
        </file>
    </folder>
    <folder name="Windows2">
        <folder name="Components">
            <file name="GroupTopComponent.settings" url="GroupTopComponentSettings.xml"/>
            <file name="UserTopComponent.settings" url="UserTopComponentSettings.xml"/>
            <file name="WelcomeTopComponent.settings" url="WelcomeTopComponentSettings.xml"/>
        </folder>
        <folder name="Modes">
            <folder name="editor">
                <file name="GroupTopComponent.wstcref" url="GroupTopComponentWstcref.xml"/>
                <file name="UserTopComponent.wstcref" url="UserTopComponentWstcref.xml"/>
                <file name="WelcomeTopComponent.wstcref" url="WelcomeTopComponentWstcref.xml"/>
            </folder>
        </folder>
        <folder name="Groups">
            <file name="user.wsgrp" url="UserGroupWsgrp.xml"/>
            <folder name="user">
                <file name="UserTopComponent.wstcgrp" url="UserTopComponentWstcgrp.xml"/>
                <file name="properties.wstcgrp" url="PropertiesTopComponentWstcgrp.xml"/>
                <file name="output.wstcgrp" url="OutputTopComponentWstcgrp.xml"/>
            </folder>
            <file name="group.wsgrp" url="GroupGroupWsgrp.xml"/>
            <folder name="group">
                <file name="GroupTopComponent.wstcgrp" url="GroupTopComponentWstcgrp.xml"/>
                <file name="properties.wstcgrp" url="PropertiesTopComponentWstcgrp.xml"/>
                <file name="output.wstcgrp" url="OutputTopComponentWstcgrp.xml"/>
            </folder>
        </folder>
    </folder>
</filesystem>
