<?xml version="1.0" encoding="UTF-8"?>
<!DOCTYPE struts-config PUBLIC "-//Apache Software Foundation//DTD Struts Configuration 1.2//EN" "http://struts.apache.org/dtds/struts-config_1_2.dtd">
<struts-config>
  <data-sources>
  </data-sources>
  <form-beans>
    <form-bean name="look" type="org.apache.struts.action.DynaActionForm">
      <form-property name="nome" type="java.lang.String"/>
    </form-bean>
  </form-beans>
  <global-exceptions>
  </global-exceptions>
  <global-forwards>
  </global-forwards>
  <action-mappings>
    <action path="/exemploLookupDispatch" name="look" type="actions.MeuLookupDispachAction" scope="request" parameter="methodToCall">
      <forward name="cadastrado" path="/cadastrado.jsp"/>
      <forward name="removido" path="/removido.jsp"/>
      <forward name="encontrado" path="/encontrado.jsp"/>
    </action>
    <action path="/inicio" forward="/index2.jsp">
  </action>
  </action-mappings>
  <controller/>
  <message-resources parameter="actions.MessageResources"/>
</struts-config>
