<web-fragment xmlns="http://java.sun.com/xml/ns/j2ee"
         xmlns:xsi="http://www.w3.org/2001/XMLSchema-instance"
         xsi:schemaLocation="http://java.sun.com/xml/ns/j2ee http://java.sun.com/xml/ns/javaee/web-app_3_0.xsd"
         version="3.0">
    <name>Fragment 1</name>
	
	<servlet>
		<servlet-name>MyJar1Servlet Old</servlet-name>
		<servlet-class>com.nullhaus.MyJar1ServletOld</servlet-class>
	</servlet>

	<servlet-mapping>
		<servlet-name>MyJar1Servlet Old</servlet-name>
		<url-pattern>/baz/*</url-pattern>
	</servlet-mapping>
</web-fragment>
