<?xml version="1.0" encoding="UTF-8"?>
<!DOCTYPE hibernate-configuration PUBLIC
		"-//Hibernate/Hibernate Configuration DTD 3.0//EN"
		"http://hibernate.sourceforge.net/hibernate-configuration-3.0.dtd">
<hibernate-configuration>
    <session-factory>
        <property name="hibernate.connection.driver_class">com.mysql.jdbc.Driver</property>
        <property name="hibernate.connection.url">jdbc:mysql://localhost:3306/qualitibanco</property>
        <property name="hibernate.connection.username">root</property>
        <property name="hibernate.dialect">org.hibernate.dialect.MySQLDialect</property>
        
        <mapping class="br.com.qualiti.banco.TbCliente"/>
        <mapping class="br.com.qualiti.banco.TbConta"/>
        <mapping class="br.com.qualiti.banco.TbEndereco"/>
        <mapping class="br.com.qualiti.banco.TbGerente"/>
        <mapping class="br.com.qualiti.banco.TbGerentesCliente"/>
        <mapping class="br.com.qualiti.banco.TbGerentesClienteId"/>
    </session-factory>
</hibernate-configuration>
