<?xml version="1.0" encoding="UTF-8"?>

<faces-config xmlns="http://java.sun.com/xml/ns/javaee"
	xmlns:xsi="http://www.w3.org/2001/XMLSchema-instance"
	xsi:schemaLocation="http://java.sun.com/xml/ns/javaee http://java.sun.com/xml/ns/javaee/web-facesconfig_1_2.xsd"
	version="1.2">
	<managed-bean>
		<managed-bean-name>textoBean</managed-bean-name>
		<managed-bean-class>beans.TextoBean</managed-bean-class>
		<managed-bean-scope>request</managed-bean-scope>
	</managed-bean>
	<navigation-rule>
		<display-name>faces/inicio</display-name>
		<from-view-id>/faces/inicio.jsp</from-view-id>
		<navigation-case>
			<from-outcome>sucesso</from-outcome>
			<to-view-id>/faces/sucesso.jsp</to-view-id>
		</navigation-case>
	</navigation-rule>
	<navigation-rule>
		<display-name>faces/inicio</display-name>
		<from-view-id>/faces/inicio.jsp</from-view-id>
		<navigation-case>
			<from-outcome>erro</from-outcome>
			<to-view-id>/faces/erro.jsp</to-view-id>
		</navigation-case>
	</navigation-rule>

</faces-config>
