<?xml version="1.0" encoding="UTF-8"?>
<!DOCTYPE filesystem PUBLIC "-//NetBeans//DTD Filesystem 1.2//EN" "http://www.netbeans.org/dtds/filesystem-1_2.dtd">
<filesystem>
    <folder name="Menu">
        <file name="Edit_hidden"/>
        <folder name="File">
            <file name="Separator2.instance_hidden"/>
            <file name="Separator3.instance_hidden"/>
            <file name="Separator4.instance_hidden"/>
            <file name="org-netbeans-modules-print-action-PageSetupAction.shadow_hidden"/>
            <file name="org-netbeans-modules-print-action-PrintAction.shadow_hidden"/>
            <file name="org-openide-actions-SaveAction.shadow_hidden"/>
            <file name="org-openide-actions-SaveAllAction.shadow_hidden"/>
            <file name="org-openide-actions-SaveAsAction.shadow_hidden"/>
        </folder>
        <file name="GoTo_hidden"/>
        <folder name="Window">
            <file name="SwitchToRecentDocumentAction.shadow_hidden"/>
        </folder>
    </folder>
</filesystem>
