<?xml version="1.0" encoding="UTF-8"?>
<!DOCTYPE log4j:configuration SYSTEM "log4j.dtd">
<!--

!=============================================================================!
!                          PATTERN FORMATS GLOSSARY                           !
!=============================================================================!
! %n - newline                                                                !
! %m - your log message                                                       !
! %p - message priority (FATAL, ERROR, WARN, INFO, DEBUG or custom)           !
!      prioridade (o -5 indica que deve alinhar a direita se o número de      !
!      caracteres for menor que cinco)                                        !
! %r - millisecs since program started running                                !
! %% - percent sign in output                                                 !
!                                                                             !
!=======================SOME MORE CLUTTER IN YOUR LOG=========================!
! %c - name of your category (logger), %c{2} will outputs last two components !
! %t - name of current thread                                                 !
! %x - Nested Diagnostic Context (NDC) (you supply it!)                       !
!                                                                             !
!=========================SLOW PERFORMANCE FORMATS============================!
! %d - date and time, also %d{ISO8601}, %d{DATE}, %d{ABSOLUTE},               !
!        %d{HH:mm:ss,SSS}, %d{dd MMM yyyy HH:mm:ss,SSS} and so on             !
! %l - Shortcut for %F%L%C%M                                                  !
! %F - Java source file name                                                  !
! %L - Java source line number                                                !
! %C - Java class name, %C{1} will output the last one component              !
! %M - Java method name                                                       !
!                                                                             !
!==============================FORMAT MODIFIERS===============================!
! %-any_letter_above - Left-justify in min. width (default is right-justify)  !
! %20any_letter_above - 20 char. min. width (pad with spaces if reqd.)        !
! %.30any_letter_above - 30 char. max. width (truncate beginning if reqd.)    !
! %-10.10r - Example.  Left-justify time elapsed within 10-wide field.        !
!              Truncate from beginning if wider than 10 characters.           !
!=============================================================================!
!=============================================================================!
!                       FILE PATTERN FORMATS GLOSSARY                         !
!=============================================================================!
!===========================APENDER DATE PATTERNS=============================!
! ['_'yyyy-MM] - Roll log file on the first of each month.					  !
!				 Ex: app_a4.log_2006-02					  					  !
! ['_'yyyy-ww] - Roll log file on the first of each week.					  !
!				 Ex: app_a4.log_2006-08					  					  !
! ['_'yyyy-MM-dd] - Roll log file at midnight everyday.					  	  !
!					Ex: app_a4.log_2006-02-25					  			  !
! ['_'yyyy-MM-dd-a] - Roll log file at midnight and midday everyday.		  !
!					  Ex: app_a4.log_2006-02-25-PM					          !
! ['_'yyyy-MM-dd-HH] - Roll log file at the start of every hour.			  !
!					   Ex: app_a4.log_2006-02-25-15					  		  !
! ['_'yyyy-MM-dd-HH-mm] - Roll log file at the beginning of every minute.	  !
!						  Ex: app_a4.log_2006-02-25-15-05					  !
! ['_'yyMMddHHmm] - Roll log file at the beginning of every minute.			  !
!					Example: app_a4.log_0602251516					  		  !
! ['_'EEE-d-MMM-yyyy-HHmm] - Roll log file at the beginning of every minute.  !
!							 Ex: app_a4.log_za-25-feb-2006-1520				  !
! ['_'yyyy.MMMMM.dd.HHmm] - Roll log file at the beginning of every minute.	  !
!							Example: app_a4.log_2006.februari.25.1527		  !
! ['_Date_'yyyy.MM.dd'_Time_'HHmm] - Roll log file at the beginning of every  !
!									 minute.					  			  !
!									 Ex: app_a4.log_Date_2006.02.25_Time_1531 !
!=============================================================================!
Hibernate Log Categories

Category	                  Function
org.hibernate.SQL	          Log all SQL DML statements as they are executed
org.hibernate.type	          Log all JDBC parameters
org.hibernate.tool.hbm2ddl	  Log all SQL DDL statements as they are executed
org.hibernate.pretty	      Log the state of all entities (max 20 entities) associated with the session at flush time
org.hibernate.cache	          Log all second-level cache activity
org.hibernate.transaction	  Log transaction related activity
org.hibernate.jdbc	          Log all JDBC resource acquisition
org.hibernate.hql.ast.AST	  Log HQL and SQL ASTs during query parsing
org.hibernate.secure	      Log all JAAS authorization requests
org.hibernate	              Log everything. This is a lot of information but it is useful for troubleshooting


 -->


<log4j:configuration xmlns:log4j="http://jakarta.apache.org/log4j/">

	<appender name="STDOUT-DEBUG" class="org.apache.log4j.ConsoleAppender">
		<layout class="org.apache.log4j.PatternLayout">
		   	<param name="ConversionPattern" value="[%d{dd/MM/yyyy HH:mm:ss.SSS}] %-5p [%l] - %m%n"/>
		</layout>
	</appender>

 	<appender name="FILE-DESENV" class="org.apache.log4j.DailyRollingFileAppender">
             <param name="File" value="log/modulo10.log"/>
             <param name="Append" value="true"/>
             <param name="DatePattern" value=".yyyy-MM-dd"/>
             <layout class="org.apache.log4j.PatternLayout">
                 <param name="ConversionPattern" value="[%d{dd/MM/yyyy HH:mm:ss.SSS}] %-5p [%C.%M] - %m%n"/>
             </layout>
    </appender>

	<!--
 	<appender name="FILE-DESENV" class="org.apache.log4j.DailyRollingFileAppender">
             <param name="File" value="log/patrimonio.log"/>
             <param name="Append" value="true"/>
             <param name="DatePattern" value=".yyyy-MM-dd"/>
             <layout class="org.apache.log4j.PatternLayout">
                 <param name="ConversionPattern" value="[%d{dd/MM/yyyy HH:mm:ss.SSS}] %-5p [%C.%M] - %m%n"/>
             </layout>
    </appender>
	 -->


	<!--
	<logger name="org.apache.commons.digester.Digester">
			<level value="ERROR"/>
	</logger>


-->
<!--
	<category name="org.hibernate.SQL">
	 	<level value="DEBUG"/>
	 	<appender-ref ref="HIBERNATE-DESENV" />
	</category>

 -->

<!--
	<category name="org.hibernate"  additivity="false">
	 	<level value="INFO"/>
	 	<appender-ref ref="HIBERNATE-DESENV3" />
	</category>


	<category name="org.hibernate.type"  additivity="false">
	   <priority value="DEBUG"/>
	   <appender-ref ref="STDOUT-DEBUG" />
	</category>
-->	 
	 <root>
		<level value ="INFO" />
		<appender-ref ref="STDOUT-DEBUG" />
		<appender-ref ref="FILE-DESENV" />
	</root>
</log4j:configuration>