<?xml version="1.0" encoding="UTF-8"?>
<!DOCTYPE struts-config PUBLIC "-//Apache Software Foundation//DTD Struts Configuration 1.2//EN" "http://struts.apache.org/dtds/struts-config_1_2.dtd">
<struts-config>
  <form-beans>
    <form-bean name="inscricaoActionForm" type="qualiti.InscricaoActionForm" />
  </form-beans>
  <action-mappings>
    <action name="inscricaoActionForm" type="qualiti.InscricaoAction" path="/inscricaoAction">
      <forward name="ok" path="/sucesso.jsp" />
      <forward name="erro" path="/erro.jsp" />
    </action>
  </action-mappings>
</struts-config>
